month,client_hash_id,content_hash_id,gsc_impressions,gsc_clicks,gsc_avg_position,ga4_pageviews,ga4_engaged_sessions,ctr,position_start,peer_median_ctr,peer_count,ctr_below_position_peers,next_month,next_ctr,next_peer_median_ctr,next_peer_count,future_ctr_improved,target,model_score
2026-02-01,client_e547b89c05043229,content_a4c97a728f264492,10813.0,78.0,4.125034680477204,93.0,5.0,0.7213539258300194,1.0,0.7502206531332745,4149,True,2026-03-01,0.436871996505024,0.5813953488372093,36634,False,0,0.9187645154820516
2026-02-01,client_e547b89c05043229,content_7d85af9ae830df6c,10192.0,73.0,4.820741758241758,84.0,11.0,0.716248037676609,1.0,0.7502206531332745,4149,True,2026-03-01,0.6180469715698393,0.5813953488372093,36634,True,1,0.9034971507661577
2026-02-01,client_e547b89c05043229,content_9d82eac28dba686f,149.0,1.0,5.10738255033557,3.0,0.0,0.6711409395973155,1.0,0.7502206531332745,4149,True,2026-03-01,1.5789473684210527,0.3424657534246575,11467,True,1,0.9002943655828959
2026-02-01,client_e547b89c05043229,content_9206a47f6a5a9d1f,1786.0,13.0,8.329227323628219,17.0,1.0,0.7278835386338186,1.0,0.7502206531332745,4149,True,2026-03-01,0.9460211463550362,0.3424657534246575,11467,True,1,0.8913900113288128
2026-02-01,client_e547b89c05043229,content_9489c3425cacc5d8,1796.0,13.0,6.128619153674833,20.0,2.0,0.7238307349665924,1.0,0.7502206531332745,4149,True,2026-03-01,0.4707728520988623,0.5813953488372093,36634,False,0,0.8852176851057559
2026-02-01,client_e547b89c05043229,content_1d00260ae6e4f9ed,9760.0,65.0,5.555737704918033,81.0,2.0,0.6659836065573771,1.0,0.7502206531332745,4149,True,2026-03-01,0.7499184871209651,0.5813953488372093,36634,True,1,0.8847577550855852
2026-02-01,client_f623b01661d4bfe4,content_9e5756c79cdca7df,89.0,9.0,42.056179775280896,21.0,1.0,10.112359550561798,41.0,10.611735330836455,16,True,2026-03-01,3.6619718309859155,0.0,3691,True,1,0.8765065547197897
2026-02-01,client_f623b01661d4bfe4,content_369b08251e576487,1552.0,21.0,7.446520618556701,39.0,2.0,1.3530927835051547,1.0,33.333333333333336,83,True,2026-03-01,1.9144144144144144,0.5813953488372093,36634,True,1,0.8760406470283908
2026-02-01,client_e547b89c05043229,content_96c3f5ee733e3ca2,148.0,1.0,4.8108108108108105,2.0,0.0,0.6756756756756757,1.0,0.7502206531332745,4149,True,2026-03-01,0.759493670886076,0.5813953488372093,36634,True,1,0.8760258182561848
2026-02-01,client_e547b89c05043229,content_47c440ee3423478c,158.0,1.0,4.537974683544304,3.0,0.0,0.6329113924050633,1.0,0.7502206531332745,4149,True,2026-03-01,1.2987012987012987,0.5813953488372093,36634,True,1,0.8722905878678934
2026-02-01,client_e547b89c05043229,content_811f1c914679a229,831.0,4.0,16.499398315282793,12.0,3.0,0.4813477737665463,11.0,0.5347593582887701,1141,True,2026-03-01,0.5484460694698354,0.3424657534246575,11467,True,1,0.8710085938027113
2026-02-01,client_f623b01661d4bfe4,content_5fbdd685e44e566c,184.0,5.0,9.255434782608695,10.0,0.0,2.717391304347826,1.0,33.333333333333336,83,True,2026-03-01,9.67741935483871,0.3424657534246575,11467,True,1,0.8701649269481109
2026-02-01,client_e547b89c05043229,content_8d495cf34f7eb996,137.0,1.0,5.0510948905109485,4.0,0.0,0.7299270072992701,1.0,0.7502206531332745,4149,True,2026-03-01,1.2328767123287672,0.5813953488372093,36634,True,1,0.8673334458815686
2026-02-01,client_e547b89c05043229,content_358edbe1bd716c0c,2035.0,15.0,6.908599508599509,24.0,1.0,0.7371007371007371,1.0,0.7502206531332745,4149,True,2026-03-01,0.6021505376344086,0.5813953488372093,36634,True,1,0.8655567257710594
2026-02-01,client_e547b89c05043229,content_7c5c3600c163f73b,2182.0,14.0,8.00045829514207,20.0,1.0,0.6416131989000916,1.0,0.7502206531332745,4149,True,2026-03-01,0.7396449704142012,0.3424657534246575,11467,True,1,0.8645112891070397
2026-02-01,client_f623b01661d4bfe4,content_bf5762e2e666f20d,92.0,2.0,43.17391304347826,5.0,1.0,2.1739130434782608,41.0,10.611735330836455,16,True,2026-03-01,2.292263610315186,0.0,3691,True,1,0.860740481867753
2026-02-01,client_f623b01661d4bfe4,content_eb90d454afa7daaa,82.0,4.0,13.560975609756097,8.0,1.0,4.878048780487805,11.0,7.142857142857143,21,True,2026-03-01,3.75,0.3424657534246575,11467,True,1,0.8606778516763224
2026-02-01,client_e547b89c05043229,content_25bd05612df7f809,230.0,1.0,8.273913043478261,3.0,0.0,0.43478260869565216,1.0,0.7502206531332745,4149,True,2026-03-01,0.5649717514124294,0.5813953488372093,36634,False,0,0.8604110227124007
2026-02-01,client_e547b89c05043229,content_b937a1aa3931b308,2588.0,19.0,9.173879443585781,28.0,1.0,0.7341576506955177,1.0,0.7502206531332745,4149,True,2026-03-01,0.8792497069167644,0.3424657534246575,11467,True,1,0.8602686961642783
2026-02-01,client_e547b89c05043229,content_bca91de43eb8dfba,160.0,1.0,4.9875,2.0,0.0,0.625,1.0,0.7502206531332745,4149,True,2026-03-01,1.7857142857142858,0.5813953488372093,36634,True,1,0.8572339444244335
2026-02-01,client_f623b01661d4bfe4,content_7dcb0f0a8b1bd7a0,326.0,4.0,8.343558282208589,7.0,0.0,1.2269938650306749,1.0,33.333333333333336,83,True,2026-03-01,2.9535864978902953,0.3424657534246575,11467,True,1,0.8498801127388578
2026-02-01,client_e547b89c05043229,content_701b37a6339328c1,2257.0,14.0,5.25254762959681,34.0,1.0,0.6202924235711121,1.0,0.7502206531332745,4149,True,2026-03-01,0.7865168539325843,0.5813953488372093,36634,True,1,0.8450986259495643
2026-02-01,client_e547b89c05043229,content_7260a859cb52532d,2270.0,14.0,8.216740088105727,17.0,1.0,0.6167400881057269,1.0,0.7502206531332745,4149,True,2026-03-01,0.8108108108108109,0.5813953488372093,36634,True,1,0.8433949869308877
2026-02-01,client_f623b01661d4bfe4,content_410bdadcf0e9d22e,30.0,2.0,12.933333333333334,5.0,0.0,6.666666666666667,11.0,7.142857142857143,21,True,2026-03-01,4.123711340206185,0.3424657534246575,11467,True,1,0.841224381343372
2026-02-01,client_f623b01661d4bfe4,content_d821af727371f868,136.0,2.0,30.110294117647058,7.0,0.0,1.4705882352941178,21.0,7.536764705882353,22,True,2026-03-01,2.6455026455026456,0.113420247309243,6982,True,1,0.8388696499190604
2026-02-01,client_e547b89c05043229,content_a001adaea0fca965,9152.0,62.0,5.528409090909091,82.0,1.0,0.6774475524475524,1.0,0.7502206531332745,4149,True,2026-03-01,1.0498687664041995,0.5813953488372093,36634,True,1,0.8384167026195328
2026-02-01,client_f623b01661d4bfe4,content_c1a10050d6a3c045,233.0,5.0,4.060085836909871,7.0,1.0,2.1459227467811157,1.0,33.333333333333336,83,True,2026-03-01,1.7543859649122806,0.5813953488372093,36634,True,1,0.8298842872987017
2026-02-01,client_e547b89c05043229,content_44c57c5ddfb25b24,2149.0,14.0,5.365751512331317,22.0,1.0,0.6514657980456026,1.0,0.7502206531332745,4149,True,2026-03-01,0.41841004184100417,0.5813953488372093,36634,False,0,0.8294187181621717
2026-02-01,client_e547b89c05043229,content_ea3937e83228ebf2,2332.0,15.0,6.962264150943396,24.0,1.0,0.6432246998284734,1.0,0.7502206531332745,4149,True,2026-03-01,0.4334007512279688,0.5813953488372093,36634,False,0,0.8286677582762643
2026-02-01,client_f623b01661d4bfe4,content_a23309f704c98e59,35.0,4.0,5.457142857142857,8.0,0.0,11.428571428571429,1.0,33.333333333333336,83,True,2026-03-01,9.25925925925926,0.5813953488372093,36634,True,1,0.824565551663162
2026-02-01,client_e547b89c05043229,content_06e4f38501a37d60,2207.0,13.0,6.9777979157227,22.0,2.0,0.5890348889895786,1.0,0.7502206531332745,4149,True,2026-03-01,0.687757909215956,0.5813953488372093,36634,True,1,0.8229197239495678
2026-02-01,client_e547b89c05043229,content_607dd00aae31d7c4,139.0,1.0,5.9496402877697845,2.0,0.0,0.7194244604316546,1.0,0.7502206531332745,4149,True,2026-03-01,3.7037037037037037,0.5813953488372093,36634,True,1,0.8224598427692749
2026-02-01,client_e547b89c05043229,content_8fb8ec21db7a238c,136.0,1.0,8.213235294117647,3.0,0.0,0.7352941176470589,1.0,0.7502206531332745,4149,True,2026-03-01,0.0,0.5813953488372093,36634,False,0,0.8182192750780427
2026-02-01,client_e547b89c05043229,content_f313077f8a33236c,10529.0,68.0,5.0924114350840535,72.0,2.0,0.6458353119954412,1.0,0.7502206531332745,4149,True,2026-03-01,0.5141388174807198,0.5813953488372093,36634,False,0,0.8157282013060319
2026-02-01,client_e547b89c05043229,content_e22e8f76c8694e9a,1250.0,9.0,5.7528,16.0,0.0,0.72,1.0,0.7502206531332745,4149,True,2026-03-01,0.7299270072992701,0.5813953488372093,36634,True,1,0.8140292812002999
2026-02-01,client_f623b01661d4bfe4,content_d51c6315f9c34ab0,32.0,2.0,26.8125,3.0,0.0,6.25,21.0,7.536764705882353,22,True,2026-03-01,4.123711340206185,0.113420247309243,6982,True,1,0.8124937024958065
2026-02-01,client_f623b01661d4bfe4,content_204928f1e33d968a,1194.0,10.0,5.7370184254606365,18.0,0.0,0.8375209380234506,1.0,33.333333333333336,83,True,2026-03-01,1.6539440203562341,0.5813953488372093,36634,True,1,0.8124308527927959
2026-02-01,client_f623b01661d4bfe4,content_7d8c5d6c5fae7bd4,24.0,2.0,42.208333333333336,4.0,0.0,8.333333333333334,41.0,10.611735330836455,16,True,2026-03-01,2.73972602739726,0.0,1584,True,1,0.8119535672817454
2026-02-01,client_f623b01661d4bfe4,content_ed1bd5af6c187f6f,1264.0,18.0,24.371835443037973,39.0,1.0,1.4240506329113924,21.0,7.536764705882353,22,True,2026-03-01,1.5384615384615385,0.3424657534246575,11467,True,1,0.8119062244841447
2026-02-01,client_f623b01661d4bfe4,content_16949d8f63c6f458,78.0,2.0,11.102564102564102,9.0,1.0,2.5641025641025643,11.0,7.142857142857143,21,True,2026-03-01,17.105263157894736,0.3424657534246575,11467,True,1,0.8118234401152378
2026-02-01,client_e547b89c05043229,content_639917ff712c8f50,2301.0,13.0,6.399391568883094,32.0,1.0,0.5649717514124294,1.0,0.7502206531332745,4149,True,2026-03-01,0.8687258687258688,0.5813953488372093,36634,True,1,0.8117753264990025
2026-02-01,client_f623b01661d4bfe4,content_d359e26e27260345,19.0,3.0,9.526315789473685,7.0,1.0,15.789473684210526,1.0,33.333333333333336,83,True,2026-03-01,11.11111111111111,0.5813953488372093,36634,True,1,0.8082645224744295
2026-02-01,client_2094c6eb080311d5,content_e486f55b93e8202f,277.0,3.0,4.407942238267148,4.0,0.0,1.0830324909747293,1.0,1.1173184357541899,779,True,2026-03-01,0.423728813559322,0.5813953488372093,36634,False,0,0.8073918036448233
2026-02-01,client_e547b89c05043229,content_ffe5168579081af3,135.0,1.0,8.148148148148149,3.0,0.0,0.7407407407407407,1.0,0.7502206531332745,4149,True,2026-03-01,0.7220216606498195,0.5813953488372093,36634,True,1,0.807170171403939
2026-02-01,client_2094c6eb080311d5,content_3e4f7ab2b3878cfc,141.0,1.0,5.9787234042553195,2.0,1.0,0.7092198581560284,1.0,1.1173184357541899,779,True,2026-03-01,0.45662100456621,0.5813953488372093,36634,False,0,0.8071635962146466
2026-02-01,client_e547b89c05043229,content_a9cf3f89c408b57e,166.0,1.0,4.427710843373494,5.0,0.0,0.6024096385542169,1.0,0.7502206531332745,4149,True,2026-03-01,0.8620689655172413,0.5813953488372093,36634,True,1,0.8020387274071307
2026-02-01,client_e547b89c05043229,content_970d94544eaa1b39,2380.0,17.0,3.6294117647058823,24.0,0.0,0.7142857142857143,1.0,0.7502206531332745,4149,True,2026-03-01,0.49765807962529274,0.5813953488372093,36634,False,0,0.8014767931794459
2026-02-01,client_e547b89c05043229,content_fd442befff58516b,1898.0,14.0,4.764488935721812,20.0,0.0,0.7376185458377239,1.0,0.7502206531332745,4149,True,2026-03-01,0.8231807704972012,0.5813953488372093,36634,True,1,0.8013753100239243
2026-02-01,client_e547b89c05043229,content_124538024d4253ee,143.0,1.0,5.293706293706293,3.0,0.0,0.6993006993006993,1.0,0.7502206531332745,4149,True,2026-03-01,10.0,0.3424657534246575,11467,True,1,0.8008714208106685
2026-02-01,client_ff644d8251367cbb,content_383afbbef2041884,248.0,1.0,8.237903225806452,4.0,0.0,0.4032258064516129,1.0,0.7194244604316546,599,True,2026-03-01,0.8710801393728222,0.3424657534246575,11467,True,1,0.8000909456307345
